,title,url
0,Trio Sonata in C Major BWV 529-2. Largo (JS Bach),https://soundcloud.com/user77075486/trio-sonata-in-c-major-bwv-529
1,21 - Sonata No. 2 in G major Op. 50 - Largo,https://soundcloud.com/user77075486/21-sonata-no-2-in-g-major-op
2,Sonata for Violoncello and Basso Continuo in Bb: Allegro - RV 43 (Vivaldi),https://soundcloud.com/user77075486/sonata-for-violoncello-and
3,Handel- Suite in Fa Major (Adagio),https://soundcloud.com/user77075486/handel-suite-in-fa-major
4,Intermezzo in B flat Minor Opus 117 No.2 (Johannes Brahms),https://soundcloud.com/user77075486/intermezzo-in-b-flat-minor
5,Prelude and Fugue No 13 in F-sharp major,https://soundcloud.com/user77075486/prelude-and-fugue-no-13-in-f
6,Trio Sonata in D minor-1 Allegro (Telemann),https://soundcloud.com/user77075486/trio-sonata-in-d-minor-1
7,Suite in C Major-1 Prelude-Johann Gottfried Conradi,https://soundcloud.com/user77075486/suite-in-c-major-1-prelude
8,Sonnerie - from Handel Trio Sonatas,https://soundcloud.com/user77075486/sonnerie-from-handel-trio
9,Carnaval Opus 9 - Preambule,https://soundcloud.com/user77075486/carnaval-opus-9-preambule
10,"Biber: Sonata 6 in C Minor (from 8 Sonatas, 1681)",https://soundcloud.com/user77075486/biber-sonata-6-in-c-minor-from
11,Trio Sonata in D minor-3. Allegro (Telemann),https://soundcloud.com/user77075486/trio-sonata-in-d-minor-3
12,Chopin Prelude In E Major Opus 28,https://soundcloud.com/user77075486/chopin-prelude-in-e-major-opus
13,Sonata No. 2 BWV 1015 - 1. Dolce (J.S. Bach),https://soundcloud.com/user77075486/sonata-no-2-bwv-1015-1-dolce-j
14,Sonata No. 4 BWV 1017 - 1. Largo (J.S. Bach),https://soundcloud.com/user77075486/sonata-no-4-bwv-1017-1-largo-j
15,Chopin Prelude In G Minor Opus 28,https://soundcloud.com/user77075486/chopin-prelude-in-g-minor-opus
16,22 - Sonata No. 2 in G major Op. 50 - Allemanda (allegro),https://soundcloud.com/user77075486/22-sonata-no-2-in-g-major-op
17,Sonata BWV 1027 in G major: adagio,https://soundcloud.com/user77075486/sonata-bwv-1027-in-g-major
18,Sonata for Oboe and Bassoc Continuo in G major: Andante (Sammartini),https://soundcloud.com/user77075486/sonata-for-oboe-and-bassoc
19,Confitebor (Monteverdi),https://soundcloud.com/user77075486/confitebor-monteverdi
20,Wachet auf ruft uns die Stimme (BWV 140) - Chorus,https://soundcloud.com/user77075486/wachet-auf-ruft-uns-die-stimme
21,Fandango (Luigi Boccherini),https://soundcloud.com/user77075486/fandango-luigi-boccherini
22,"Froberger: Toccata III in C Major, 1656",https://soundcloud.com/user77075486/froberger-toccata-iii-in-c
23,Concerto in A Minor for Four Harpsichords BWV 1065: I Allegro,https://soundcloud.com/user77075486/concerto-in-a-minor-for-four
24,La Savorgnana (Giovanni Legrenzi),https://soundcloud.com/user77075486/la-savorgnana-giovanni
25,Sonata Prima Detta La Poggia (Marco Uccellini),https://soundcloud.com/user77075486/sonata-prima-detta-la-poggia
26,JS Bach: Partita in C minor (Sarabande),https://soundcloud.com/user77075486/js-bach-partita-in-c-minor
27,Sonata I Sostenuto,https://soundcloud.com/user77075486/sonata-i-sostenuto
28,Andreas Christi Sancte Andrea (Cristobal de Morales),https://soundcloud.com/user77075486/andreas-christi-sancte-andrea
29,Sonata In C Major (Weiss) - Andante,https://soundcloud.com/user77075486/sonata-in-c-major-weiss
30,Come again: sweet love doth now invite (John Dowland),https://soundcloud.com/user77075486/come-again-sweet-love-doth-now
31,Prelude (Phalese),https://soundcloud.com/user77075486/prelude-phalese
32,Sinfonia in La Maggiore (Luigi Boccherini),https://soundcloud.com/user77075486/sinfonia-in-la-maggiore-luigi
33,If I were wind I would tempest you,https://soundcloud.com/user77075486/if-i-were-wind-i-would-tempest
34,Sonata III in d minor (Allegro:Moderato),https://soundcloud.com/user77075486/sonata-iii-in-d-minor-allegro
35,Sonata 1 (Largo),https://soundcloud.com/user77075486/sonata-1-largo
36,Rosenmuller Sonata Teraz a 2 Allegro,https://soundcloud.com/user77075486/rosenmuller-sonata-teraz-a-2
37,Ballo Del Gran Ducca (Giovanni Battista Buonamente),https://soundcloud.com/user77075486/ballo-del-gran-ducca-giovanni
38,Sonata in C major for oboe and basso continuo after BWV 1035 (adagio ma non tanto),https://soundcloud.com/user77075486/sonata-in-c-major-for-oboe-and
39,Drei Romanzen Op. 94 (Nicht schnell),https://soundcloud.com/user77075486/drei-romanzen-op-94-nicht
40,Suite in d minor - Allemande la Loureuse,https://soundcloud.com/user77075486/suite-in-d-minor-allemande-la
41,Stabat Mater (Antonio Vivaldi),https://soundcloud.com/user77075486/stabat-mater-antonio-vivaldi
42,If I were fire,https://soundcloud.com/user77075486/if-i-were-fire
43,Anon : Praeter rerum seriem,https://soundcloud.com/user77075486/anon-praeter-rerum-seriem
44,La Ritirata Di Madrid (Luigi Boccherini),https://soundcloud.com/user77075486/la-ritirata-di-madrid-luigi
45,If I were pope,https://soundcloud.com/user77075486/if-i-were-pope
46,Phenix - Allegro,https://soundcloud.com/user77075486/phenix-allegro-1
47,Avanti Il Quarto Brando (Giovanni Battista Buonamente),https://soundcloud.com/user77075486/avanti-il-quarto-brando
48,Les Delices de la Solitude Op. 20 - Sonata I in F major - Aria,https://soundcloud.com/user77075486/les-delices-de-la-solitude-op
49,Magnificat (Antonio Vivaldi),https://soundcloud.com/user77075486/magnificat-antonio-vivaldi
50,If I were emperor,https://soundcloud.com/user77075486/if-i-were-emperor
51,Sinfonia In Re Minore (Luigi Boccherini),https://soundcloud.com/user77075486/sinfonia-in-re-minore-luigi
52,Chopin Prelude In B Minor Opus 28,https://soundcloud.com/user77075486/chopin-prelude-in-b-minor-opus
53,Sonata II in D minor - Allegro,https://soundcloud.com/user77075486/sonata-ii-in-d-minor-allegro
54,Waltz KK IVa no.12 in E major,https://soundcloud.com/user77075486/waltz-kk-iva-no-12-in-e-major
55,Intermezzo in E Major Opus 116 No.6 (Johannes Brahms),https://soundcloud.com/user77075486/intermezzo-in-e-major-opus-116
56,Sonata III in C major - Fuga da capella,https://soundcloud.com/user77075486/sonata-iii-in-c-major-fuga-da
57,Trouble fete (Gorner),https://soundcloud.com/user77075486/trouble-fete-gorner
58,Chopin Prelude In C Sharp Minor Opus 28,https://soundcloud.com/user77075486/chopin-prelude-in-c-sharp
59,Gagliard Seconda (Giovanni Battista Buonamente),https://soundcloud.com/user77075486/gagliard-seconda-giovanni
60,Alysoun,https://soundcloud.com/user77075486/alysoun
61,More Palatino (Jan Pieterszoon Sweelinck),https://soundcloud.com/user77075486/more-palatino-jan-pieterszoon
62,Suite No 4 in E flat major BWV 815: Allemande,https://soundcloud.com/user77075486/suite-no-4-in-e-flat-major-bwv
63,Oxenford (Anon),https://soundcloud.com/user77075486/oxenford-anon
64,Chopin Prelude In C Major Opus 28,https://soundcloud.com/user77075486/chopin-prelude-in-c-major-opus
65,Romance in B Major Opus 28 No.3 (Robert Schumann),https://soundcloud.com/user77075486/romance-in-b-major-opus-28-no
66,Premier Concert - Coulicam (Rameau),https://soundcloud.com/user77075486/premier-concert-coulicam
67,Chopin Prelude In A Flat Major Opus 28,https://soundcloud.com/user77075486/chopin-prelude-in-a-flat-major
68,Matteis: Ground After the Scotch Humour,https://soundcloud.com/user77075486/matteis-ground-after-the
69,Sonata No. 1 in E minor Op. 50 - Andante,https://soundcloud.com/user77075486/sonata-no-1-in-e-minor-op-50
70,Phenix - Allegro,https://soundcloud.com/user77075486/phenix-allegro
71,Sonata IV in B-flat major - Bruit de chasse,https://soundcloud.com/user77075486/sonata-iv-in-b-flat-major
72,Intermezzo in E flat Major Opus 117 No.1 (Johannes Brahms),https://soundcloud.com/user77075486/intermezzo-in-e-flat-major
73,Ma belle si ton ame (Gilles Durant de la Bergerie),https://soundcloud.com/user77075486/ma-belle-si-ton-ame-gilles
74,Toccata XX,https://soundcloud.com/user77075486/toccata-xx
75,Aria Nona (Marco Uccellini),https://soundcloud.com/user77075486/aria-nona-marco-uccellini
76,Capriccio in G minor Opus 116 No.3 (Johannes Brahms),https://soundcloud.com/user77075486/capriccio-in-g-minor-opus-116
77,Prelude (BWV 996),https://soundcloud.com/user77075486/prelude-bwv-996
78,Chopin Prelude In G Sharp Minor Opus 28,https://soundcloud.com/user77075486/chopin-prelude-in-g-sharp
79,Romance in F sharp Major Opus 28 No.2 (Robert Schumann),https://soundcloud.com/user77075486/romance-in-f-sharp-major-opus
80,WF Bach: Concerto in F Major for 2 Harpsichords (Allegro moderato),https://soundcloud.com/user77075486/wf-bach-concerto-in-f-major
81,Prelude: Suite In G Minor: Le Cinquieme Livre De Pieces De Viole (1725),https://soundcloud.com/user77075486/prelude-suite-in-g-minor-le
82,To Malvina,https://soundcloud.com/user77075486/to-malvina
83,La Maltese (Mauritio Cazzati),https://soundcloud.com/user77075486/la-maltese-mauritio-cazzati
84,Concerto No. 1 in G major Op. 26 for Organ - Allegro,https://soundcloud.com/user77075486/concerto-no-1-in-g-major-op-26
85,Sonata in G major - Allegro (Juliane Reichardt),https://soundcloud.com/user77075486/sonata-in-g-major-allegro
86,Liszt Variations On A Theme By Bach 'Weinen Klagen',https://soundcloud.com/user77075486/liszt-variations-on-a-theme-by
87,La Moneverda (Tarquinio Merula),https://soundcloud.com/user77075486/la-moneverda-tarquinio-merula
88,Triosonate fur Flute Violine und Basso - Dolce (Telemann),https://soundcloud.com/user77075486/triosonate-fur-flute-violine
89,Partia No 5 - Intrada (Biber),https://soundcloud.com/user77075486/partia-no-5-intrada-biber
90,Sia - Elastic Heart (Wick-it Remix),https://soundcloud.com/wick-it/sia-elastic-heart-wick-it-remix
0,Abstract Power Remix (by DiViD),https://soundcloud.com/hn-masinari/abstract-power-remix-by-divid
1,Sproing-A-Dub,https://soundcloud.com/hn-masinari/sproing-a-dub
2,Dominus Illuminato Mea,https://soundcloud.com/hn-masinari/dominus-illuminato-mea
3,Beneath the Skin,https://soundcloud.com/hn-masinari/beneath-the-skin
4,Eye Heart Knot,https://soundcloud.com/hn-masinari/eye-heart-knot
5,Blue-tinted Sunglasses,https://soundcloud.com/hn-masinari/blue-tinted-sunglasses
6,Electro Jive,https://soundcloud.com/hn-masinari/electro-jive
7,House Of Tomorrow,https://soundcloud.com/hn-masinari/house-of-tomorrow
8,Known Bugs,https://soundcloud.com/hn-masinari/known-bugs
9,Murder Machine,https://soundcloud.com/hn-masinari/murder-machine
10,Skunk Werks,https://soundcloud.com/hn-masinari/skunk-werks
11,moments of clarity,https://soundcloud.com/hn-masinari/moments-of-clarity
12,7 Nine Skank,https://soundcloud.com/hn-masinari/7-nine-skank
13,Spear Burn,https://soundcloud.com/hn-masinari/spear-burn
14,Roots Fi Cool,https://soundcloud.com/hn-masinari/roots-fi-cool
15,Starbase Lounge Music,https://soundcloud.com/hn-masinari/starbase-lounge-music
16,Introduction,https://soundcloud.com/hn-masinari/introduction
17,Distant Activity,https://soundcloud.com/hn-masinari/distant-activity
18,grey mirrors part 1,https://soundcloud.com/hn-masinari/grey-mirrors-part-1
19,Viva La Revolucion,https://soundcloud.com/hn-masinari/viva-la-revolucion
20,Electro Kinetic,https://soundcloud.com/hn-masinari/electro-kinetic
21,Talk Box,https://soundcloud.com/hn-masinari/talk-box
22,Blue Line,https://soundcloud.com/hn-masinari/blue-line
23,trioxidation,https://soundcloud.com/hn-masinari/trioxidation
24,Hans Christian : Desperado,https://soundcloud.com/hn-masinari/hans-christian-desperado
25,Ruff and Tumble (Mr Epic),https://soundcloud.com/hn-masinari/ruff-and-tumble-mr-epic
26,Sunset (Endless Night Journey remix),https://soundcloud.com/hn-masinari/sunset-endless-night-journey
27,Interplanetary Travel,https://soundcloud.com/hn-masinari/interplanetary-travel
28,Sunset (138 BPM Remix),https://soundcloud.com/hn-masinari/sunset-138-bpm-remix
29,Manteia,https://soundcloud.com/hn-masinari/manteia
30,Summer Night Heaven,https://soundcloud.com/hn-masinari/summer-night-heaven
31,Bad Dreams,https://soundcloud.com/hn-masinari/bad-dreams
32,He Is Leaving Us,https://soundcloud.com/hn-masinari/he-is-leaving-us
33,Meditation,https://soundcloud.com/hn-masinari/meditation
34,Terminus,https://soundcloud.com/hn-masinari/terminus
35,Opening yet closing,https://soundcloud.com/hn-masinari/opening-yet-closing
36,Lost,https://soundcloud.com/hn-masinari/lost
37,BeatKnick,https://soundcloud.com/hn-masinari/beatknick
38,Vernal Equinox,https://soundcloud.com/hn-masinari/vernal-equinox
39,Delirious,https://soundcloud.com/hn-masinari/delirious
40,Survival,https://soundcloud.com/hn-masinari/survival
41,Knucklehead,https://soundcloud.com/hn-masinari/knucklehead
42,Sartinal I,https://soundcloud.com/hn-masinari/sartinal-i
43,Ferrilotyr,https://soundcloud.com/hn-masinari/ferrilotyr
44,Deep House,https://soundcloud.com/hn-masinari/deep-house
45,Spirit Walker,https://soundcloud.com/hn-masinari/spirit-walker
46,Mr Gelatine: Unknown Quantity,https://soundcloud.com/hn-masinari/mr-gelatine-unknown-quantity
47,Where the Earth Is,https://soundcloud.com/hn-masinari/where-the-earth-is
48,Memories of Tomorrow,https://soundcloud.com/hn-masinari/memories-of-tomorrow
49,Click Here,https://soundcloud.com/hn-masinari/click-here
50,Down Low,https://soundcloud.com/hn-masinari/down-low
51,ting,https://soundcloud.com/hn-masinari/ting
52,Plethora,https://soundcloud.com/hn-masinari/plethora
53,Mad bull,https://soundcloud.com/hn-masinari/mad-bull
54,Insomnia,https://soundcloud.com/hn-masinari/insomnia
55,A Signal from Mars,https://soundcloud.com/hn-masinari/a-signal-from-mars
56,Futurengine,https://soundcloud.com/hn-masinari/futurengine
57,Eventide,https://soundcloud.com/hn-masinari/eventide
58,Odysseia,https://soundcloud.com/hn-masinari/odysseia
59,Solitude (Khlas 6-8),https://soundcloud.com/hn-masinari/solitude-khlas-6-8
60,Ping Heng,https://soundcloud.com/hn-masinari/ping-heng
61,Saalik,https://soundcloud.com/hn-masinari/saalik
62,Beledi 4:4,https://soundcloud.com/hn-masinari/beledi-4-4
63,Darban Jooth Na Boley (The Mirror Never Lies),https://soundcloud.com/hn-masinari/darban-jooth-na-boley-the
64,Rebirth,https://soundcloud.com/hn-masinari/rebirth
65,Paradise lost,https://soundcloud.com/hn-masinari/paradise-lost
66,Kushee Maanao-Aural Mix,https://soundcloud.com/hn-masinari/kushee-maanao-aural-mix
67,Sunlight,https://soundcloud.com/hn-masinari/sunlight
68,From Here to There,https://soundcloud.com/hn-masinari/from-here-to-there
69,Dezert,https://soundcloud.com/hn-masinari/dezert
70,Zabudni na to,https://soundcloud.com/hn-masinari/zabudni-na-to
71,Lighting fly,https://soundcloud.com/hn-masinari/lighting-fly
72,Ambi Crack,https://soundcloud.com/hn-masinari/ambi-crack
73,Untitled,https://soundcloud.com/hn-masinari/untitled
74,Push,https://soundcloud.com/hn-masinari/push
75,African Dance,https://soundcloud.com/hn-masinari/african-dance
76,Monkey Party,https://soundcloud.com/hn-masinari/monkey-party
77,Double trust,https://soundcloud.com/hn-masinari/double-trust
78,Wind Barber,https://soundcloud.com/hn-masinari/wind-barber
79,Other Self,https://soundcloud.com/hn-masinari/other-self
80,Illusion (Bedrock mix),https://soundcloud.com/hn-masinari/illusion-bedrock-mix
81,Death and rain,https://soundcloud.com/hn-masinari/death-and-rain
82,2k1,https://soundcloud.com/hn-masinari/2k1
83,Free Energy,https://soundcloud.com/hn-masinari/free-energy
84,Soul Captain,https://soundcloud.com/hn-masinari/soul-captain
85,Flare,https://soundcloud.com/hn-masinari/flare
86,Cafe del Soul,https://soundcloud.com/hn-masinari/cafe-del-soul
87,Vibes of Comfort,https://soundcloud.com/hn-masinari/vibes-of-comfort
88,Devil in Love,https://soundcloud.com/hn-masinari/devil-in-love
89,Flying,https://soundcloud.com/hn-masinari/flying
90,Easter,https://soundcloud.com/hn-masinari/easter
91,Frequencies,https://soundcloud.com/hn-masinari/frequencies
92,Night to Remember,https://soundcloud.com/hn-masinari/night-to-remember
93,Smooth Guitar,https://soundcloud.com/hn-masinari/smooth-guitar
94,Viento,https://soundcloud.com/hn-masinari/viento
95,Shura Remix (Deadpan Escapement vinyl only release),https://soundcloud.com/hn-masinari/shura-remix-deadpan-escapement
0,pop,https://soundcloud.com/long-duong-625546591/sets/pop
1,Beyond Late,https://soundcloud.com/long-duong-625546591/beyond-late
2,To Climb,https://soundcloud.com/long-duong-625546591/to-climb
3,Salem,https://soundcloud.com/long-duong-625546591/salem
4,Persephone,https://soundcloud.com/long-duong-625546591/persephone
5,Sanctuary,https://soundcloud.com/long-duong-625546591/sanctuary
6,Fifteen Minutes,https://soundcloud.com/long-duong-625546591/fifteen-minutes
7,Drink the Night,https://soundcloud.com/long-duong-625546591/drink-the-night
8,The Alkonost,https://soundcloud.com/long-duong-625546591/the-alkonost
9,A Warning to Giants,https://soundcloud.com/long-duong-625546591/a-warning-to-giants
10,A Moment too Soon,https://soundcloud.com/long-duong-625546591/a-moment-too-soon
11,Fountain of Life (Lean On It Mix) - DJ Anser,https://soundcloud.com/long-duong-625546591/fountain-of-life-lean-on-it
12,Invisible City,https://soundcloud.com/long-duong-625546591/invisible-city
13,File in Rhythm,https://soundcloud.com/long-duong-625546591/file-in-rhythm
14,You are the reason,https://soundcloud.com/long-duong-625546591/you-are-the-reason
15,Ghostly Feeling,https://soundcloud.com/long-duong-625546591/ghostly-feeling
16,Fly Free,https://soundcloud.com/long-duong-625546591/fly-free
17,Calm (Ammonite),https://soundcloud.com/long-duong-625546591/calm-ammonite
18,Call me Snake (Dr Kuch),https://soundcloud.com/long-duong-625546591/call-me-snake-dr-kuch
19,Destiny Trip,https://soundcloud.com/long-duong-625546591/destiny-trip
20,something about eve,https://soundcloud.com/long-duong-625546591/something-about-eve
21,Brilliant Day (Chronic Mix),https://soundcloud.com/long-duong-625546591/brilliant-day-chronic-mix
22,Till My Cup Runs Over,https://soundcloud.com/long-duong-625546591/till-my-cup-runs-over
23,Fire,https://soundcloud.com/long-duong-625546591/fire
24,Brilliant Day,https://soundcloud.com/long-duong-625546591/brilliant-day
25,Below-DU-remix by deutscheunschuld,https://soundcloud.com/long-duong-625546591/below-du-remix-by
26,Tigers,https://soundcloud.com/long-duong-625546591/tigers
27,Shining Star Games (Az Egan Csillag Lenni) - Fourstones,https://soundcloud.com/long-duong-625546591/shining-star-games-az-egan
28,Pais oceano (Ocean Country),https://soundcloud.com/long-duong-625546591/pais-oceano-ocean-country
29,Sooner or Later,https://soundcloud.com/long-duong-625546591/sooner-or-later
30,Fountain Street,https://soundcloud.com/long-duong-625546591/fountain-street
31,Bastard,https://soundcloud.com/long-duong-625546591/bastard
32,30 Years,https://soundcloud.com/long-duong-625546591/30-years
33,The lonely minstrel part 1 (edited version),https://soundcloud.com/long-duong-625546591/the-lonely-minstrel-part-1
34,Frontliner Blues,https://soundcloud.com/long-duong-625546591/frontliner-blues
35,Modern Anguish,https://soundcloud.com/long-duong-625546591/modern-anguish
36,Jade,https://soundcloud.com/long-duong-625546591/jade
37,The River,https://soundcloud.com/long-duong-625546591/the-river
38,Laying Down Lounge,https://soundcloud.com/long-duong-625546591/laying-down-lounge
39,Excerpt From Alice,https://soundcloud.com/long-duong-625546591/excerpt-from-alice
40,Give Me a Perfect World,https://soundcloud.com/long-duong-625546591/give-me-a-perfect-world
41,Into Heaven,https://soundcloud.com/long-duong-625546591/into-heaven
42,Impressions,https://soundcloud.com/long-duong-625546591/impressions
43,Calling,https://soundcloud.com/long-duong-625546591/calling
44,Nocturne,https://soundcloud.com/long-duong-625546591/nocturne
45,Enertia,https://soundcloud.com/long-duong-625546591/enertia
46,Moonrise,https://soundcloud.com/long-duong-625546591/moonrise
47,Rise,https://soundcloud.com/long-duong-625546591/rise
48,River of Light,https://soundcloud.com/long-duong-625546591/river-of-light
49,Between The Lies,https://soundcloud.com/long-duong-625546591/between-the-lies
50,Slipping into Violet,https://soundcloud.com/long-duong-625546591/slipping-into-violet
51,Wounded Little Bird,https://soundcloud.com/long-duong-625546591/wounded-little-bird-1
52,There Once Was A Time,https://soundcloud.com/long-duong-625546591/there-once-was-a-time
53,The Collider,https://soundcloud.com/long-duong-625546591/the-collider
54,Round and Round,https://soundcloud.com/long-duong-625546591/round-and-round
55,Unemotional,https://soundcloud.com/long-duong-625546591/unemotional
56,Give Me Love,https://soundcloud.com/long-duong-625546591/give-me-love-1
57,Charming Gun (Vibe Me Mix) - Nautilis,https://soundcloud.com/long-duong-625546591/charming-gun-vibe-me-mix
58,Changing Sky,https://soundcloud.com/long-duong-625546591/changing-sky
59,Parallels,https://soundcloud.com/long-duong-625546591/parallels
60,Up A Hill,https://soundcloud.com/long-duong-625546591/up-a-hill
61,Just My Luck,https://soundcloud.com/long-duong-625546591/just-my-luck
62,Now and Zen,https://soundcloud.com/long-duong-625546591/now-and-zen
63,Give Me Love,https://soundcloud.com/long-duong-625546591/give-me-love
64,My Joan Of Arc,https://soundcloud.com/long-duong-625546591/my-joan-of-arc
65,Night Flight Over Water,https://soundcloud.com/long-duong-625546591/night-flight-over-water
66,Brilliant Daze (Days Are Confused Mix) - Pat Chilla,https://soundcloud.com/long-duong-625546591/brilliant-daze-days-are
67,Below,https://soundcloud.com/long-duong-625546591/below
68,What Planet Are We On,https://soundcloud.com/long-duong-625546591/what-planet-are-we-on
69,Planet You,https://soundcloud.com/long-duong-625546591/planet-you
70,Wounded Little Bird,https://soundcloud.com/long-duong-625546591/wounded-little-bird
71,In The Middle,https://soundcloud.com/long-duong-625546591/in-the-middle
72,Clean For Free,https://soundcloud.com/long-duong-625546591/clean-for-free
73,Home to You,https://soundcloud.com/long-duong-625546591/home-to-you
74,Fill Me Up,https://soundcloud.com/long-duong-625546591/fill-me-up
75,Handshake Smiles,https://soundcloud.com/long-duong-625546591/handshake-smiles
76,No More,https://soundcloud.com/long-duong-625546591/no-more
77,Better Days,https://soundcloud.com/long-duong-625546591/better-days
78,Jimmy's Rig,https://soundcloud.com/long-duong-625546591/jimmys-rig
79,Don't Do Me No Harm,https://soundcloud.com/long-duong-625546591/dont-do-me-no-harm
80,Say you Will,https://soundcloud.com/long-duong-625546591/say-you-will
81,Fools,https://soundcloud.com/long-duong-625546591/fools
82,Love Song in G,https://soundcloud.com/long-duong-625546591/love-song-in-g
83,Ovelha negra (Black sheep),https://soundcloud.com/long-duong-625546591/ovelha-negra-black-sheep
84,Get What You Want?,https://soundcloud.com/long-duong-625546591/get-what-you-want
85,O Pobre (The Pauper),https://soundcloud.com/long-duong-625546591/o-pobre-the-pauper
86,One Breath,https://soundcloud.com/long-duong-625546591/one-breath
87,Cuttin a Rug,https://soundcloud.com/long-duong-625546591/cuttin-a-rug
88,Superhero Song,https://soundcloud.com/long-duong-625546591/superhero-song
89,Lillas,https://soundcloud.com/long-duong-625546591/lillas
90,Without Warning,https://soundcloud.com/long-duong-625546591/without-warning
91,Cruel Streak,https://soundcloud.com/long-duong-625546591/cruel-streak
92,Sandy,https://soundcloud.com/long-duong-625546591/sandy
93,Another Reason,https://soundcloud.com/long-duong-625546591/another-reason
94,Devil's Daughter,https://soundcloud.com/long-duong-625546591/devils-daughter
95,I Told You Not to Write Again,https://soundcloud.com/long-duong-625546591/i-told-you-not-to-write-again
96,Junior High Smiles,https://soundcloud.com/long-duong-625546591/junior-high-smiles
97,The One That Got Away,https://soundcloud.com/long-duong-625546591/the-one-that-got-away
0,Young Again,https://soundcloud.com/quan-fuji/young-again
1,What I did on my summer vacation,https://soundcloud.com/quan-fuji/what-i-did-on-my-summer
2,Demons,https://soundcloud.com/quan-fuji/demons
3,When I Cross The River,https://soundcloud.com/quan-fuji/when-i-cross-the-river
4,Birds in a Rat Race (Mountain Mirrors),https://soundcloud.com/quan-fuji/birds-in-a-rat-race-mountain
5,Shattered,https://soundcloud.com/quan-fuji/shattered
6,Texas Sky,https://soundcloud.com/quan-fuji/texas-sky
7,Self Possession,https://soundcloud.com/quan-fuji/self-possession
8,The Soul,https://soundcloud.com/quan-fuji/the-soul
9,The Spirit,https://soundcloud.com/quan-fuji/the-spirit
10,Dopamine,https://soundcloud.com/quan-fuji/dopamine
11,Alone with Nothing,https://soundcloud.com/quan-fuji/alone-with-nothing
12,Memories,https://soundcloud.com/quan-fuji/memories
13,Talk,https://soundcloud.com/quan-fuji/talk
14,Sweet Melissa,https://soundcloud.com/quan-fuji/sweet-melissa
15,Into the Moon,https://soundcloud.com/quan-fuji/into-the-moon
16,Moonsong,https://soundcloud.com/quan-fuji/moonsong
17,Of the Lovely,https://soundcloud.com/quan-fuji/of-the-lovely
18,Suerte Mijo,https://soundcloud.com/quan-fuji/suerte-mijo
19,Factory Head,https://soundcloud.com/quan-fuji/factory-head
20,Long Time Wondering,https://soundcloud.com/quan-fuji/long-time-wondering
21,Don't rain on my parade,https://soundcloud.com/quan-fuji/dont-rain-on-my-parade
22,Happy Blues,https://soundcloud.com/quan-fuji/happy-blues
23,Bad Bad Luck,https://soundcloud.com/quan-fuji/bad-bad-luck
24,Can I be a star:,https://soundcloud.com/quan-fuji/can-i-be-a-star
25,There You Were,https://soundcloud.com/quan-fuji/there-you-were
26,Before you know it,https://soundcloud.com/quan-fuji/before-you-know-it
27,Timeagain,https://soundcloud.com/quan-fuji/timeagain
28,Squalid Rooms,https://soundcloud.com/quan-fuji/squalid-rooms
29,Rock This Moon,https://soundcloud.com/quan-fuji/rock-this-moon
30,You Knew It Well,https://soundcloud.com/quan-fuji/you-knew-it-well
31,Me,https://soundcloud.com/quan-fuji/me
32,Lunar Ecstasy,https://soundcloud.com/quan-fuji/lunar-ecstasy
33,Look And Feel Years Younger,https://soundcloud.com/quan-fuji/look-and-feel-years-younger
34,Rocket City Riot: Down with Her,https://soundcloud.com/quan-fuji/rocket-city-riot-down-with-her
35,Fluid - Headphones,https://soundcloud.com/quan-fuji/fluid-headphones
36,Kings of the Desert,https://soundcloud.com/quan-fuji/kings-of-the-desert
37,Encima de Ti,https://soundcloud.com/quan-fuji/encima-de-ti
38,A Short Burst of Clarity,https://soundcloud.com/quan-fuji/a-short-burst-of-clarity
39,Stay Evil,https://soundcloud.com/quan-fuji/stay-evil
40,Lust,https://soundcloud.com/quan-fuji/lust
41,Juego,https://soundcloud.com/quan-fuji/juego
42,Gold and rose,https://soundcloud.com/quan-fuji/gold-and-rose
43,Just Like You,https://soundcloud.com/quan-fuji/just-like-you
44,Certain Death,https://soundcloud.com/quan-fuji/certain-death
45,Try it Like This,https://soundcloud.com/quan-fuji/try-it-like-this
46,Caroline to Maine,https://soundcloud.com/quan-fuji/caroline-to-maine
47,New Orleans,https://soundcloud.com/quan-fuji/new-orleans
48,Permanent,https://soundcloud.com/quan-fuji/permanent
49,Fateful Kind Of Rage,https://soundcloud.com/quan-fuji/fateful-kind-of-rage
50,Ole Soledad,https://soundcloud.com/quan-fuji/ole-soledad
51,Between there and here,https://soundcloud.com/quan-fuji/between-there-and-here
52,Crown Of Thorns,https://soundcloud.com/quan-fuji/crown-of-thorns
53,Come Out Baby,https://soundcloud.com/quan-fuji/come-out-baby
54,Making Circles,https://soundcloud.com/quan-fuji/making-circles
55,A Rhyming Dictionary,https://soundcloud.com/quan-fuji/a-rhyming-dictionary
56,Essence of a smile,https://soundcloud.com/quan-fuji/essence-of-a-smile
57,Jazz House,https://soundcloud.com/quan-fuji/jazz-house
58,Pressure,https://soundcloud.com/quan-fuji/pressure
59,The Gift,https://soundcloud.com/quan-fuji/the-gift
60,Karma Dogs,https://soundcloud.com/quan-fuji/karma-dogs-1
61,Grace,https://soundcloud.com/quan-fuji/grace
62,Do You Think He Knows:,https://soundcloud.com/quan-fuji/do-you-think-he-knows
63,Karma Dogs:,https://soundcloud.com/quan-fuji/karma-dogs
64,Silent Wings,https://soundcloud.com/quan-fuji/silent-wings
65,Brad Sucks - I Think I Started a Trend,https://soundcloud.com/quan-fuji/brad-sucks-i-think-i-started-a
66,Hideaway,https://soundcloud.com/quan-fuji/hideaway-1
67,Underside,https://soundcloud.com/quan-fuji/underside
68,Long Way Down,https://soundcloud.com/quan-fuji/long-way-down-1
69,World,https://soundcloud.com/quan-fuji/world
70,In Your Place,https://soundcloud.com/quan-fuji/in-your-place
71,Long Way Down,https://soundcloud.com/quan-fuji/long-way-down
72,Hideaway,https://soundcloud.com/quan-fuji/hideaway
73,Another time,https://soundcloud.com/quan-fuji/another-time
74,Uncommon eloquence,https://soundcloud.com/quan-fuji/uncommon-eloquence
75,Land of Lincoln,https://soundcloud.com/quan-fuji/land-of-lincoln
76,You Bow Down,https://soundcloud.com/quan-fuji/you-bow-down
77,Waterfall,https://soundcloud.com/quan-fuji/waterfall
78,The angle of repose,https://soundcloud.com/quan-fuji/the-angle-of-repose
79,Set fire to the city,https://soundcloud.com/quan-fuji/set-fire-to-the-city
80,I have a mind,https://soundcloud.com/quan-fuji/i-have-a-mind
81,In the Movies,https://soundcloud.com/quan-fuji/in-the-movies
82,Human needs,https://soundcloud.com/quan-fuji/human-needs
83,Walk among the bones,https://soundcloud.com/quan-fuji/walk-among-the-bones
84,You barely see me,https://soundcloud.com/quan-fuji/you-barely-see-me
85,Haunted,https://soundcloud.com/quan-fuji/haunted
86,Didn't You Know?,https://soundcloud.com/quan-fuji/didnt-you-know
87,Didn't I,https://soundcloud.com/quan-fuji/didnt-i
88,Driftwood fire,https://soundcloud.com/quan-fuji/driftwood-fire
89,My heart still beats,https://soundcloud.com/quan-fuji/my-heart-still-beats
90,Sunday Again,https://soundcloud.com/quan-fuji/sunday-again
91,Cornflakes for supper,https://soundcloud.com/quan-fuji/cornflakes-for-supper
92,Maybe Meagan,https://soundcloud.com/quan-fuji/maybe-meagan
93,Ring around the rosey,https://soundcloud.com/quan-fuji/ring-around-the-rosey
94,He Should Love Her,https://soundcloud.com/quan-fuji/he-should-love-her
95,Justified,https://soundcloud.com/quan-fuji/justified
96,Mr. Myers,https://soundcloud.com/quan-fuji/mr-myers
